unique_id,feature_name,feature_names_model,feature_single_spaces,type,subtype,data_type,data_class,unique_values,minimum_value,maximum_value,mean_value
1,adres_dagen_op_adres,adres_dagen_op_adres,adres dagen op adres,numerical,integer,integer,integer,6892,0,24331,7358.39804831982
2,adres_aantal_verschillende_wijken,adres_aantal_verschillende_wijken,adres aantal verschillende wijken,numerical,integer,integer,integer,9,1,9,1.83670417879909
3,adres_recentst_onderdeel_rdam,adres_recentst_onderdeel_rdam,adres recentst onderdeel rdam,boolean,boolean,integer,integer,2,0,1,0.919807979853624
4,adres_unieke_wijk_ratio,adres_unieke_wijk_ratio,adres unieke wijk ratio,numerical,float,double,numeric,67,0.142857142857143,1,0.810280148273314
5,adres_aantal_brp_adres,adres_aantal_brp_adres,adres aantal brp adres,numerical,integer,integer,integer,20,1,25,2.32100417092941
6,adres_aantal_verzendadres,adres_aantal_verzendadres,adres aantal verzendadres,numerical,integer,integer,integer, ,0,6,0.246242228692846
7,adres_aantal_woonadres_handmatig,adres_aantal_woonadres_handmatig,adres aantal woonadres handmatig,numerical,integer,integer,integer,10,0,9,0.254977571417329
8,adres_recentste_plaats_other,adres_recentste_plaats_other,adres recentste plaats other,boolean,boolean,double,numeric,2,0,1,0.0427323522467931
9,adres_recentste_plaats_rotterdam,adres_recentste_plaats_rotterdam,adres recentste plaats rotterdam,boolean,boolean,double,numeric,2,0,1,0.884945305736995
10,adres_recentste_buurt_groot_ijsselmonde,adres_recentste_buurt_groot_ijsselmonde,adres recentste buurt groot ijsselmonde,boolean,boolean,double,numeric,2,0,1,0.0406075391516487
11,adres_recentste_buurt_nieuwe_westen,adres_recentste_buurt_nieuwe_westen,adres recentste buurt nieuwe westen,boolean,boolean,double,numeric,2,0,1,0.036987487211773
12,adres_recentste_buurt_other,adres_recentste_buurt_other,adres recentste buurt other,boolean,boolean,double,numeric,2,0,1,0.483198237192099
13,adres_recentste_buurt_oude_noorden,adres_recentste_buurt_oude_noorden,adres recentste buurt oude noorden,boolean,boolean,double,numeric,2,0,1,0.0306130479263398
14,adres_recentste_buurt_vreewijk,adres_recentste_buurt_vreewijk,adres recentste buurt vreewijk,boolean,boolean,double,numeric,2,0,1,0.0370661839930747
15,adres_recentste_wijk_charlois,adres_recentste_wijk_charlois,adres recentste wijk charlois,boolean,boolean,double,numeric,2,0,1,0.134099315338003
16,adres_recentste_wijk_delfshaven,adres_recentste_wijk_delfshaven,adres recentste wijk delfshaven,boolean,boolean,double,numeric,2,0,1,0.145667742189344
17,adres_recentste_wijk_feijenoord,adres_recentste_wijk_feijenoord,adres recentste wijk feijenoord,boolean,boolean,double,numeric,2,0,1,0.176123396553081
18,adres_recentste_wijk_ijsselmonde,adres_recentste_wijk_ijsselmonde,adres recentste wijk ijsselmonde,boolean,boolean,double,numeric,2,0,1,0.0807428976154875
19,adres_recentste_wijk_kralingen_c,adres_recentste_wijk_kralingen_c,adres recentste wijk kralingen c,boolean,boolean,double,numeric,2,0,1,0.0787754780829464
20,adres_recentste_wijk_noord,adres_recentste_wijk_noord,adres recentste wijk noord,boolean,boolean,double,numeric,2,0,1,0.0613047926339813
21,adres_recentste_wijk_other,adres_recentste_wijk_other,adres recentste wijk other,boolean,boolean,double,numeric,2,0,1,0.168253718422917
22,adres_recentste_wijk_prins_alexa,adres_recentste_wijk_prins_alexa,adres recentste wijk prins alexa,boolean,boolean,double,numeric,2,0,1,0.0794050523333596
23,adres_recentste_wijk_stadscentru,adres_recentste_wijk_stadscentru,adres recentste wijk stadscentru,boolean,boolean,double,numeric,2,0,1,0.0495789722200362
24,contacten_soort_anders,contacten_soort_anders,contacten soort anders,numerical,integer,integer,integer,32,0,37,2.23538207287322
25,contacten_soort_document__inkomend_,contacten_soort_document__inkomend_,contacten soort document inkomend,numerical,integer,integer,integer,46,0,75,7.61832061068702
26,contacten_soort_document__uitgaand_,contacten_soort_document__uitgaand_,contacten soort document uitgaand,numerical,integer,integer,integer,111,0,128,21.1554261430707
27,contacten_soort_e_mail__inkomend_,contacten_soort_e_mail__inkomend_,contacten soort e mail inkomend,numerical,integer,integer,integer,64,0,89,4.31368537026836
28,contacten_soort_e_mail__uitgaand_,contacten_soort_e_mail__uitgaand_,contacten soort e mail uitgaand,numerical,integer,integer,integer,61,0,96,3.34563626347682
29,contacten_soort_gesprek_op_locatie,contacten_soort_gesprek_op_locatie,contacten soort gesprek op locatie,numerical,integer,integer,integer,7,0,6,0.107971983945857
30,contacten_soort_groepsbijeenkomsten,contacten_soort_groepsbijeenkomsten,contacten soort groepsbijeenkomsten,numerical,integer,integer,integer,13,0,18,0.109467222790588
31,contacten_soort_rapportage_deelname,contacten_soort_rapportage_deelname,contacten soort rapportage deelname,numerical,integer,integer,integer,24,0,34,0.686865507200755
32,contacten_soort_rapportage_rib,contacten_soort_rapportage_rib,contacten soort rapportage rib,numerical,integer,integer,integer,17,0,21,0.729046981978437
33,contacten_soort_telefoontje__inkomend_,contacten_soort_telefoontje__inkomend_,contacten soort telefoontje inkomend,numerical,integer,integer,integer,43,0,96,3.4927205477296
34,contacten_soort_telefoontje__uitgaand_,contacten_soort_telefoontje__uitgaand_,contacten soort telefoontje uitgaand,numerical,integer,integer,integer,39,0,48,2.92885810970331
35,contacten_soort_afgelopenjaar_anders,contacten_soort_afgelopenjaar_anders,contacten soort afgelopenjaar anders,numerical,integer,integer,integer,22,0,37,0.591170221137955
36,contacten_soort_afgelopenjaar_document__inkomend_,contacten_soort_afgelopenjaar_document__inkomend_,contacten soort afgelopenjaar document inkomend,numerical,integer,integer,integer,19,0,25,1.27339261824191
37,contacten_soort_afgelopenjaar_document__uitgaand_,contacten_soort_afgelopenjaar_document__uitgaand_,contacten soort afgelopenjaar document uitgaand,numerical,integer,integer,integer,40,0,46,3.2297946014008
38,contacten_soort_afgelopenjaar_e_mail__inkomend_,contacten_soort_afgelopenjaar_e_mail__inkomend_,contacten soort afgelopenjaar e mail inkomend,numerical,integer,integer,integer,33,0,48,0.78995829070591
39,contacten_soort_afgelopenjaar_e_mail__uitgaand_,contacten_soort_afgelopenjaar_e_mail__uitgaand_,contacten soort afgelopenjaar e mail uitgaand,numerical,integer,integer,integer,30,0,46,0.834185881797434
40,contacten_soort_afgelopenjaar_gesprek,contacten_soort_afgelopenjaar_gesprek,contacten soort afgelopenjaar gesprek,numerical,integer,integer,integer,19,0,19,1.05776343747541
41,contacten_soort_afgelopenjaar_gesprek_op_locatie,contacten_soort_afgelopenjaar_gesprek_op_locatie,contacten soort afgelopenjaar gesprek op locatie,numerical,integer,integer,integer,6,0,5,0.0624852443535059
42,contacten_soort_afgelopenjaar_rapportage_rib,contacten_soort_afgelopenjaar_rapportage_rib,contacten soort afgelopenjaar rapportage rib,numerical,integer,integer,integer,13,0,15,0.280081844652554
43,contacten_soort_afgelopenjaar_telefoontje__inkomend_,contacten_soort_afgelopenjaar_telefoontje__inkomend_,contacten soort afgelopenjaar telefoontje inkomend,numerical,integer,integer,integer,20,0,23,0.810262060281735
44,contacten_soort_afgelopenjaar_telefoontje__uitgaand_,contacten_soort_afgelopenjaar_telefoontje__uitgaand_,contacten soort afgelopenjaar telefoontje uitgaand,numerical,integer,integer,integer,21,0,28,0.85071220587078
45,contacten_onderwerp__arbeids_motivatie,contacten_onderwerp__arbeids_motivatie,contacten onderwerp arbeids motivatie,numerical,integer,integer,integer,39,0,61,2.31258361533013
46,contacten_onderwerp__pre__intake,contacten_onderwerp__pre__intake,contacten onderwerp pre intake,numerical,integer,integer,integer,10,0,9,0.269142992051625
47,contacten_onderwerp__werk_intake,contacten_onderwerp__werk_intake,contacten onderwerp werk intake,numerical,integer,integer,integer,11,0,11,0.380813724718659
48,contacten_onderwerp_arbeidsdiagnose_dariuz,contacten_onderwerp_arbeidsdiagnose_dariuz,contacten onderwerp arbeidsdiagnose dariuz,numerical,integer,integer,integer,7,0,6,0.141968993468167
49,contacten_onderwerp_beoordelen_taaleis,contacten_onderwerp_beoordelen_taaleis,contacten onderwerp beoordelen taaleis,numerical,integer,integer,integer,12,0,13,0.323601164712363
50,contacten_onderwerp_contact_derden,contacten_onderwerp_contact_derden,contacten onderwerp contact derden,numerical,integer,integer,integer,34,0,55,1.33776658534666
51,contacten_onderwerp_contact_met_aanbieder,contacten_onderwerp_contact_met_aanbieder,contacten onderwerp contact met aanbieder,numerical,integer,integer,integer,36,0,45,1.30188085307311
52,contacten_onderwerp_diagnosegesprek,contacten_onderwerp_diagnosegesprek,contacten onderwerp diagnosegesprek,numerical,integer,integer,integer,9,0,8,0.219721413394192
53,contacten_onderwerp_documenten__innemen_,contacten_onderwerp_documenten__innemen_,contacten onderwerp documenten innemen,numerical,integer,integer,integer,24,0,25,3.24529786731723
54,contacten_onderwerp_documenttype__cv_,contacten_onderwerp_documenttype__cv_,contacten onderwerp documenttype cv,numerical,integer,integer,integer,19,0,26,0.448571653419375
55,contacten_onderwerp_documenttype__overeenkomst_,contacten_onderwerp_documenttype__overeenkomst_,contacten onderwerp documenttype overeenkomst,numerical,integer,integer,integer,16,0,15,0.824584874478634
56,contacten_onderwerp_financiele_situatie,contacten_onderwerp_financiële_situatie,contacten onderwerp financiele situatie,numerical,integer,integer,integer,38,0,90,0.443613756197372
57,contacten_onderwerp_groepsbijeenkomst,contacten_onderwerp_groepsbijeenkomst,contacten onderwerp groepsbijeenkomst,numerical,integer,integer,integer,17,0,19,0.459431809239002
58,contacten_onderwerp_inkomen,contacten_onderwerp_inkomen,contacten onderwerp inkomen,numerical,integer,integer,integer,18,0,22,0.375855827496655
59,contacten_onderwerp_inname_aanvraag,contacten_onderwerp_inname_aanvraag,contacten onderwerp inname aanvraag,numerical,integer,integer,integer,6,0,5,0.0925474148107342
60,contacten_onderwerp_inspanningstoets,contacten_onderwerp_inspanningstoets,contacten onderwerp inspanningstoets,numerical,integer,integer,integer,8,0,7,0.298969072164948
61,contacten_onderwerp_maatregel_overweging,contacten_onderwerp_maatregel_overweging,contacten onderwerp maatregel overweging,numerical,integer,integer,integer,13,0,15,0.233808137247187
62,contacten_onderwerp_matching,contacten_onderwerp_matching,contacten onderwerp matching,numerical,integer,integer,integer,62,0,130,0.738333202172031
63,contacten_onderwerp_mutatie,contacten_onderwerp_mutatie,contacten onderwerp mutatie,numerical,integer,integer,integer,12,0,16,0.070669709608877
64,contacten_onderwerp_no_show,contacten_onderwerp_no_show,contacten onderwerp no show,numerical,integer,integer,integer,16,0,30,0.550641378767608
65,contacten_onderwerp_overige,contacten_onderwerp_overige,contacten onderwerp overige,numerical,integer,integer,integer,62,0,140,4.77838986385457
66,contacten_onderwerp_overleg_met_inkomen,contacten_onderwerp_overleg_met_inkomen,contacten onderwerp overleg met inkomen,numerical,integer,integer,integer,16,0,21,0.471629810340757
67,contacten_onderwerp_quickscan,contacten_onderwerp_quickscan,contacten onderwerp quickscan,numerical,integer,integer,integer,7,0,6,0.0916030534351145
68,contacten_onderwerp_scholing,contacten_onderwerp_scholing,contacten onderwerp scholing,numerical,integer,integer,integer,20,0,40,0.206815141260722
69,contacten_onderwerp_screening,contacten_onderwerp_screening,contacten onderwerp screening,numerical,integer,integer,integer,9,0,8,0.173132918863618
70,contacten_onderwerp_terugbelverzoek,contacten_onderwerp_terugbelverzoek,contacten onderwerp terugbelverzoek,numerical,integer,integer,integer,36,0,58,2.4451876918234
71,contacten_onderwerp_traject,contacten_onderwerp_traject,contacten onderwerp traject,numerical,integer,integer,integer,60,0,85,4.52183835681121
72,contacten_onderwerp_uitnodiging,contacten_onderwerp_uitnodiging,contacten onderwerp uitnodiging,numerical,integer,integer,integer,19,0,18,0.832926733296608
73,contacten_onderwerp_vakantie,contacten_onderwerp_vakantie,contacten onderwerp vakantie,numerical,integer,integer,integer,8,0,9,0.0524907531281971
74,contacten_onderwerp_werkintake__niet_verschenen,contacten_onderwerp_werkintake__niet_verschenen,contacten onderwerp werkintake niet verschenen,numerical,integer,integer,integer,8,0,13,0.0915243566538129
75,contacten_onderwerp_ziek__of_afmelding,contacten_onderwerp_ziek__of_afmelding,contacten onderwerp ziek of afmelding,numerical,integer,integer,integer,25,0,33,0.845990398992681
76,contacten_onderwerp_zorg,contacten_onderwerp_zorg,contacten onderwerp zorg,numerical,integer,integer,integer,32,0,45,1.55914063114819
77,contacten_onderwerp_boolean__arbeids_motivatie,contacten_onderwerp_boolean__arbeids_motivatie,contacten onderwerp boolean arbeids motivatie,boolean,boolean,integer,integer,2,0,1,0.70575273471315
78,contacten_onderwerp_boolean__pre__intake,contacten_onderwerp_boolean__pre__intake,contacten onderwerp boolean pre intake,boolean,boolean,integer,integer,2,0,1,0.206264263791611
79,contacten_onderwerp_boolean__werk_intake,contacten_onderwerp_boolean__werk_intake,contacten onderwerp boolean werk intake,boolean,boolean,integer,integer,2,0,1,0.246950499724561
80,contacten_onderwerp_boolean_beoordelen_taaleis,contacten_onderwerp_boolean_beoordelen_taaleis,contacten onderwerp boolean beoordelen taaleis,boolean,boolean,integer,integer,2,0,1,0.171244196112379
81,contacten_onderwerp_boolean_contact_derden,contacten_onderwerp_boolean_contact_derden,contacten onderwerp boolean contact derden,boolean,boolean,integer,integer,2,0,1,0.43298969072165
82,contacten_onderwerp_boolean_contact_met_aanbieder,contacten_onderwerp_boolean_contact_met_aanbieder,contacten onderwerp boolean contact met aanbieder,boolean,boolean,integer,integer,2,0,1,0.357991658141182
83,contacten_onderwerp_boolean_diagnosegesprek,contacten_onderwerp_boolean_diagnosegesprek,contacten onderwerp boolean diagnosegesprek,boolean,boolean,integer,integer,2,0,1,0.158337923978909
84,contacten_onderwerp_boolean_documenten__innemen_,contacten_onderwerp_boolean_documenten__innemen_,contacten onderwerp boolean documenten innemen,boolean,boolean,integer,integer,2,0,1,0.814432989690722
85,contacten_onderwerp_boolean_documenttype__cv_,contacten_onderwerp_boolean_documenttype__cv_,contacten onderwerp boolean documenttype cv,boolean,boolean,integer,integer,2,0,1,0.242779570315574
86,contacten_onderwerp_boolean_documenttype__diploma_s_en_certificaten_,contacten_onderwerp_boolean_documenttype__diploma_s_en_certificaten_,contacten onderwerp boolean documenttype diploma s en certificaten,boolean,boolean,integer,integer,2,0,1,0.143306838750295
87,contacten_onderwerp_boolean_documenttype__overeenkomst_,contacten_onderwerp_boolean_documenttype__overeenkomst_,contacten onderwerp boolean documenttype overeenkomst,boolean,boolean,integer,integer,2,0,1,0.420949083182498
88,contacten_onderwerp_boolean_financiele_situatie,contacten_onderwerp_boolean_financiële_situatie,contacten onderwerp boolean financiele situatie,numerical,integer,integer,integer,2,0,1,0.138112851184387
89,contacten_onderwerp_boolean_groepsbijeenkomst,contacten_onderwerp_boolean_groepsbijeenkomst,contacten onderwerp boolean groepsbijeenkomst,boolean,boolean,integer,integer,2,0,1,0.27606830880617
90,contacten_onderwerp_boolean_inkomen,contacten_onderwerp_boolean_inkomen,contacten onderwerp boolean inkomen,boolean,boolean,integer,integer,2,0,1,0.188006610529629
91,contacten_onderwerp_boolean_maatregel_overweging,contacten_onderwerp_boolean_maatregel_overweging,contacten onderwerp boolean maatregel overweging,boolean,boolean,integer,integer,2,0,1,0.149051703785315
92,contacten_onderwerp_boolean_match___werk,contacten_onderwerp_boolean_match___werk,contacten onderwerp boolean match werk,boolean,boolean,integer,integer,2,0,1,0.0624065475722043
93,contacten_onderwerp_boolean_matching,contacten_onderwerp_boolean_matching,contacten onderwerp boolean matching,boolean,boolean,integer,integer,2,0,1,0.136066734870544
94,contacten_onderwerp_boolean_motivatie,contacten_onderwerp_boolean_motivatie,contacten onderwerp boolean motivatie,boolean,boolean,integer,integer,2,0,1,0.0377744550247895
95,contacten_onderwerp_boolean_mutatie,contacten_onderwerp_boolean_mutatie,contacten onderwerp boolean mutatie,boolean,boolean,integer,integer,2,0,1,0.0460376170614622
96,contacten_onderwerp_boolean_no_show,contacten_onderwerp_boolean_no_show,contacten onderwerp boolean no show,boolean,boolean,integer,integer,2,0,1,0.283701896592429
97,contacten_onderwerp_boolean_overige,contacten_onderwerp_boolean_overige,contacten onderwerp boolean overige,boolean,boolean,integer,integer,2,0,1,0.74879987408515
98,contacten_onderwerp_boolean_overleg_met_inkomen,contacten_onderwerp_boolean_overleg_met_inkomen,contacten onderwerp boolean overleg met inkomen,boolean,boolean,integer,integer,2,0,1,0.231132446682931
99,contacten_onderwerp_boolean_scholing,contacten_onderwerp_boolean_scholing,contacten onderwerp boolean scholing,boolean,boolean,integer,integer,2,0,1,0.101125363972614
100,contacten_onderwerp_boolean_sollicitatie,contacten_onderwerp_boolean_sollicitatie,contacten onderwerp boolean sollicitatie,boolean,boolean,integer,integer,2,0,1,0.0559534115054694
101,contacten_onderwerp_boolean_taaleis___voldoet,contacten_onderwerp_boolean_taaleis___voldoet,contacten onderwerp boolean taaleis voldoet,boolean,boolean,integer,integer,2,0,1,0.175808609427874
102,contacten_onderwerp_boolean_terugbelverzoek,contacten_onderwerp_boolean_terugbelverzoek,contacten onderwerp boolean terugbelverzoek,boolean,boolean,integer,integer,2,0,1,0.607617848429999
103,contacten_onderwerp_boolean_traject,contacten_onderwerp_boolean_traject,contacten onderwerp boolean traject,boolean,boolean,integer,integer,2,0,1,0.774927205477296
104,contacten_onderwerp_boolean_uitnodiging,contacten_onderwerp_boolean_uitnodiging,contacten onderwerp boolean uitnodiging,boolean,boolean,integer,integer,2,0,1,0.402612733139215
105,contacten_onderwerp_boolean_ziek__of_afmelding,contacten_onderwerp_boolean_ziek__of_afmelding,contacten onderwerp boolean ziek of afmelding,boolean,boolean,integer,integer,2,0,1,0.383568112064217
106,contacten_onderwerp_boolean_zorg,contacten_onderwerp_boolean_zorg,contacten onderwerp boolean zorg,boolean,boolean,integer,integer,2,0,1,0.511056897772881
107,beschikbaarheid_huidig_bekend,beschikbaarheid_huidig_bekend,beschikbaarheid huidig bekend,boolean,boolean,integer,integer,2,0,1,0.12009128826631
108,beschikbaarheid_huidig_afwijkend_wegens_medische_omstandigheden,beschikbaarheid_huidig_afwijkend_wegens_medische_omstandigheden,beschikbaarheid huidig afwijkend wegens medische omstandigheden,boolean,boolean,double,numeric,2,0,1,0.0576847406941056
109,beschikbaarheid_recent_afwijkend_wegens_medische_omstandigheden,beschikbaarheid_recent_afwijkend_wegens_medische_omstandigheden,beschikbaarheid recent afwijkend wegens medische omstandigheden,boolean,boolean,double,numeric,2,0,1,0.251987093727867
110,beschikbaarheid_recent_afwijkend_wegens_sociaal_maatschappelijke_situatie,beschikbaarheid_recent_afwijkend_wegens_sociaal_maatschappelijke_situatie,beschikbaarheid recent afwijkend wegens sociaal maatschappelijke situatie,boolean,boolean,double,numeric,2,0,1,0.10144015109782
111,beschikbaarheid_aantal_historie_afwijkend_wegens_medische_omstandigheden,beschikbaarheid_aantal_historie_afwijkend_wegens_medische_omstandigheden,beschikbaarheid aantal historie afwijkend wegens medische omstandigheden,numerical,integer,integer,integer,8,0,7,0.463209254741481
112,beschikbaarheid_aantal_historie_afwijkend_wegens_sociaal_maatschappelijke_situatie,beschikbaarheid_aantal_historie_afwijkend_wegens_sociaal_maatschappelijke_situatie,beschikbaarheid aantal historie afwijkend wegens sociaal maatschappelijke situatie,numerical,integer,integer,integer,6,0,5,0.17895648067994
113,relatie_partner_aantal_partner___partner__gehuwd_,relatie_partner_aantal_partner___partner__gehuwd_,relatie partner aantal partner partner gehuwd,numerical,integer,double,numeric,6,0,6,0.126229637207838
114,relatie_partner_aantal_partner___partner__ongehuwd_,relatie_partner_aantal_partner___partner__ongehuwd_,relatie partner aantal partner partner ongehuwd,numerical,integer,double,numeric,6,0,5,0.0639017864169355
115,relatie_partner_huidige_partner___partner__gehuwd_,relatie_partner_huidige_partner___partner__gehuwd_,relatie partner huidige partner partner gehuwd,boolean,boolean,double,numeric,2,0,1,0.0707484063901786
116,relatie_partner_totaal_dagen_partner,relatie_partner_totaal_dagen_partner,relatie partner totaal dagen partner,numerical,integer,integer,integer,1722,0,19471,617.504525064925
117,pla_einde_doelstelling_bereikt,pla_einde_doelstelling_bereikt,pla einde doelstelling bereikt,numerical,integer,integer,integer,6,0,5,0.436216258755017
118,pla_einde_doelstelling_bereikt__nieuw_trajectplan,pla_einde_doelstelling_bereikt__nieuw_trajectplan,pla einde doelstelling bereikt nieuw trajectplan,numerical,integer,integer,integer,10,0,9,0.783583851420477
119,pla_einde_doelstelling_bereikt__overdracht,pla_einde_doelstelling_bereikt__overdracht,pla einde doelstelling bereikt overdracht,numerical,integer,integer,integer,4,0,3,0.157787046509798
120,pla_einde_doelstelling_niet_bereikt,pla_einde_doelstelling_niet_bereikt,pla einde doelstelling niet bereikt,numerical,integer,integer,integer,7,0,7,0.381207208625167
121,pla_einde_doelstelling_niet_bereikt__nieuw_trajectplan,pla_einde_doelstelling_niet_bereikt__nieuw_trajectplan,pla einde doelstelling niet bereikt nieuw trajectplan,numerical,integer,integer,integer,11,0,10,0.960572912567876
122,pla_einde_doelstelling_niet_bereikt__overdracht,pla_einde_doelstelling_niet_bereikt__overdracht,pla einde doelstelling niet bereikt overdracht,numerical,integer,integer,integer,6,0,5,0.223184071771465
123,pla_einde_geplande_einddatum_overschreden_zonder_nader_bericht,pla_einde_geplande_einddatum_overschreden_zonder_nader_bericht,pla einde geplande einddatum overschreden zonder nader bericht,numerical,integer,integer,integer,4,0,3,0.213740458015267
124,pla_einde_other,pla_einde_other,pla einde other,numerical,integer,integer,integer,6,0,5,0.142913354843787
125,pla_einde_uitstroom_anders_dan_volgen_onderwijs__regulier_werk_of_als_zelfstandige,pla_einde_uitstroom_anders_dan_volgen_onderwijs__regulier_werk_of_als_zelfstandige,pla einde uitstroom anders dan volgen onderwijs regulier werk of als zelfstandige,numerical,integer,integer,integer,5,0,4,0.128826630990792
126,pla_actueel_pla_categorie_doelstelling_16,pla_actueel_pla_categorie_doelstelling_16,pla actueel pla categorie doelstelling 16,numerical,integer,integer,integer,3,0,2,0.248839222475801
127,pla_actueel_pla_categorie_doelstelling_9,pla_actueel_pla_categorie_doelstelling_9,pla actueel pla categorie doelstelling 9,boolean,boolean,integer,integer,2,0,1,0.157550956165893
128,pla_hist_pla_categorie_doelstelling_1,pla_hist_pla_categorie_doelstelling_1,pla hist pla categorie doelstelling 1,numerical,integer,integer,integer,7,0,6,0.481309514440859
129,pla_hist_pla_categorie_doelstelling_10,pla_hist_pla_categorie_doelstelling_10,pla hist pla categorie doelstelling 10,numerical,integer,integer,integer,6,0,5,0.177461241835209
130,pla_hist_pla_categorie_doelstelling_11,pla_hist_pla_categorie_doelstelling_11,pla hist pla categorie doelstelling 11,numerical,integer,integer,integer,5,0,4,0.121665223892343
131,pla_hist_pla_categorie_doelstelling_16,pla_hist_pla_categorie_doelstelling_16,pla hist pla categorie doelstelling 16,numerical,integer,integer,integer,5,0,4,0.381285905406469
132,pla_hist_pla_categorie_doelstelling_2,pla_hist_pla_categorie_doelstelling_2,pla hist pla categorie doelstelling 2,numerical,integer,integer,integer,5,0,4,0.121271739985835
133,pla_hist_pla_categorie_doelstelling_27,pla_hist_pla_categorie_doelstelling_27,pla hist pla categorie doelstelling 27,numerical,integer,integer,integer,6,0,5,0.0853073109309829
134,pla_hist_pla_categorie_doelstelling_3,pla_hist_pla_categorie_doelstelling_3,pla hist pla categorie doelstelling 3,numerical,integer,integer,integer,9,0,8,0.76217832690643
135,pla_hist_pla_categorie_doelstelling_4,pla_hist_pla_categorie_doelstelling_4,pla hist pla categorie doelstelling 4,numerical,integer,integer,integer,6,0,5,0.212638703077044
136,pla_hist_pla_categorie_doelstelling_5,pla_hist_pla_categorie_doelstelling_5,pla hist pla categorie doelstelling 5,numerical,integer,integer,integer,10,0,9,0.628315101912332
137,pla_hist_pla_categorie_doelstelling_6,pla_hist_pla_categorie_doelstelling_6,pla hist pla categorie doelstelling 6,numerical,integer,integer,integer,6,0,5,0.402061855670103
138,pla_hist_pla_categorie_doelstelling_9,pla_hist_pla_categorie_doelstelling_9,pla hist pla categorie doelstelling 9,numerical,integer,integer,integer,5,0,4,0.289131974502243
139,pla_hist_pla_categorie_doelstelling_other,pla_hist_pla_categorie_doelstelling_other,pla hist pla categorie doelstelling other,numerical,integer,integer,integer,10,0,9,0.108837648540175
140,pla_historie_maatschappelijke_inspanning,pla_historie_maatschappelijke_inspanning,pla historie maatschappelijke inspanning,boolean,boolean,integer,integer,2,0,1,0.401274887857087
141,pla_historie_ontwikkeling,pla_historie_ontwikkeling,pla historie ontwikkeling,boolean,boolean,integer,integer,2,0,1,0.552766191862753
142,pla_historie_other,pla_historie_other,pla historie other,boolean,boolean,integer,integer,2,0,1,0.165735421421264
143,pla_historie_werk,pla_historie_werk,pla historie werk,boolean,boolean,integer,integer,2,0,1,0.824348784134729
144,pla_historie_werk_en_inburgering,pla_historie_werk_en_inburgering,pla historie werk en inburgering,boolean,boolean,integer,integer,2,0,1,0.0736601872983395
145,pla_ondertekeningen_actueel,pla_ondertekeningen_actueel,pla ondertekeningen actueel,numerical,integer,integer,integer,4,0,3,0.508223813646022
146,pla_ondertekeningen_historie,pla_ondertekeningen_historie,pla ondertekeningen historie,numerical,integer,integer,integer,14,0,13,2.3159675769261
147,relatie_overig_kostendeler,relatie_overig_kostendeler,relatie overig kostendeler,boolean,boolean,integer,integer,2,0,1,0.168175021641615
148,relatie_overig_bewindvoerder,relatie_overig_bewindvoerder,relatie overig bewindvoerder,boolean,boolean,integer,integer,2,0,1,0.0382466357125994
149,relatie_overig_actueel_vorm__gemachtigde,relatie_overig_actueel_vorm__gemachtigde,relatie overig actueel vorm gemachtigde,numerical,integer,integer,integer,6,0,6,0.132210592586763
150,relatie_overig_actueel_vorm__kostendeler,relatie_overig_actueel_vorm__kostendeler,relatie overig actueel vorm kostendeler,numerical,integer,integer,integer,20,0,20,0.312347524986228
151,relatie_overig_actueel_vorm__onderhoudsplichtige,relatie_overig_actueel_vorm__onderhoudsplichtige,relatie overig actueel vorm onderhoudsplichtige,numerical,integer,integer,integer,5,0,4,0.154324388132525
152,relatie_overig_actueel_vorm__ouders_verzorgers,relatie_overig_actueel_vorm__ouders_verzorgers,relatie overig actueel vorm ouders verzorgers,numerical,integer,integer,integer,7,0,6,0.0560321082867711
153,relatie_overig_actueel_vorm_other,relatie_overig_actueel_vorm_other,relatie overig actueel vorm other,numerical,integer,integer,integer,7,0,7,0.088612575745652
154,relatie_overig_historie_vorm__andere_inwonende,relatie_overig_historie_vorm__andere_inwonende,relatie overig historie vorm andere inwonende,numerical,integer,integer,integer,10,0,9,0.251514913040057
155,relatie_overig_historie_vorm__gemachtigde,relatie_overig_historie_vorm__gemachtigde,relatie overig historie vorm gemachtigde,numerical,integer,integer,integer,7,0,6,0.22633194302353
156,relatie_overig_historie_vorm__kostendeler,relatie_overig_historie_vorm__kostendeler,relatie overig historie vorm kostendeler,numerical,integer,integer,integer,26,0,26,0.605571732116156
157,relatie_overig_historie_vorm__onderhoudsplichtige,relatie_overig_historie_vorm__onderhoudsplichtige,relatie overig historie vorm onderhoudsplichtige,numerical,integer,integer,integer,6,0,5,0.280317934996459
158,ontheffing_reden_tijdelijke_ontheffing_arbeidsverpl__en_tegenprestatie,ontheffing_reden_tijdelijke_ontheffing_arbeidsverpl__en_tegenprestatie,ontheffing reden tijdelijke ontheffing arbeidsverpl en tegenprestatie,boolean,boolean,integer,integer,2,0,1,0.0720862516723066
159,ontheffing_actueel_ind,ontheffing_actueel_ind,ontheffing actueel ind,boolean,boolean,integer,integer,2,0,1,0.148894310222712
160,ontheffing_reden_hist_medische_gronden,ontheffing_reden_hist_medische_gronden,ontheffing reden hist medische gronden,numerical,integer,integer,integer,5,0,4,0.22916502715039
161,ontheffing_reden_hist_other,ontheffing_reden_hist_other,ontheffing reden hist other,numerical,integer,integer,integer,4,0,3,0.0390336035256158
162,ontheffing_reden_hist_sociale_gronden,ontheffing_reden_hist_sociale_gronden,ontheffing reden hist sociale gronden,numerical,integer,integer,integer,5,0,4,0.0882977886204454
163,ontheffing_reden_hist_tijdelijke_ontheffing_arbeidsverpl__en_tegenprestatie,ontheffing_reden_hist_tijdelijke_ontheffing_arbeidsverpl__en_tegenprestatie,ontheffing reden hist tijdelijke ontheffing arbeidsverpl en tegenprestatie,numerical,integer,integer,integer,4,0,3,0.128275753521681
164,ontheffing_reden_hist_tijdelijke_ontheffing_arbeidsverplichtingen,ontheffing_reden_hist_tijdelijke_ontheffing_arbeidsverplichtingen,ontheffing reden hist tijdelijke ontheffing arbeidsverplichtingen,numerical,integer,integer,integer,4,0,3,0.0437554104037145
165,ontheffing_reden_hist_vanwege_uw_sociaal_maatschappelijke_situatie,ontheffing_reden_hist_vanwege_uw_sociaal_maatschappelijke_situatie,ontheffing reden hist vanwege uw sociaal maatschappelijke situatie,numerical,integer,integer,integer,5,0,4,0.113008577949162
166,ontheffing_hist_ind,ontheffing_hist_ind,ontheffing hist ind,boolean,boolean,integer,integer,2,0,1,0.502006767923192
167,ontheffing_dagen_hist_vanwege_uw_medische_omstandigheden,ontheffing_dagen_hist_vanwege_uw_medische_omstandigheden,ontheffing dagen hist vanwege uw medische omstandigheden,numerical,integer,integer,integer,1931,0,16782,746.594554182734
168,ontheffing_dagen_hist_mean,ontheffing_dagen_hist_mean,ontheffing dagen hist mean,numerical,integer,double,numeric,4386,-17.5,4740,848.913760225897
169,belemmering_financiele_problemen,belemmering_financiele_problemen,belemmering financiele problemen,boolean,boolean,integer,integer,2,0,1,0.206893838042024
170,belemmering_niet_computervaardig,belemmering_niet_computervaardig,belemmering niet computervaardig,boolean,boolean,integer,integer,2,0,1,0.0354922483670418
171,belemmering_psychische_problemen,belemmering_psychische_problemen,belemmering psychische problemen,boolean,boolean,integer,integer,2,0,1,0.289289368064846
172,belemmering_woonsituatie,belemmering_woonsituatie,belemmering woonsituatie,boolean,boolean,integer,integer,2,0,1,0.0321082867710711
173,belemmering_aantal_huidig,belemmering_aantal_huidig,belemmering aantal huidig,numerical,integer,integer,integer,11,0,13,1.23971039584481
174,belemmering_ind,belemmering_ind,belemmering ind,boolean,boolean,integer,integer,2,0,1,0.570394270874321
175,belemmering_hist_lichamelijke_problematiek,belemmering_hist_lichamelijke_problematiek,belemmering hist lichamelijke problematiek,numerical,integer,integer,integer,5,0,4,0.390021248130951
176,belemmering_hist_psychische_problemen,belemmering_hist_psychische_problemen,belemmering hist psychische problemen,numerical,integer,integer,integer,5,0,4,0.354686393326513
177,belemmering_hist_stabiele_mix__sz____dagbesteding_werk,belemmering_hist_stabiele_mix__sz____dagbesteding_werk,belemmering hist stabiele mix sz dagbesteding werk,numerical,integer,integer,integer,4,0,3,0.0764145746438971
178,belemmering_hist_taal,belemmering_hist_taal,belemmering hist taal,numerical,integer,integer,integer,3,0,2,0.0744471551113559
179,belemmering_hist_verslavingsproblematiek,belemmering_hist_verslavingsproblematiek,belemmering hist verslavingsproblematiek,numerical,integer,integer,integer,4,0,3,0.0636656960730306
180,belemmering_ind_hist,belemmering_ind_hist,belemmering ind hist,boolean,boolean,integer,integer,2,0,1,0.673093570472968
181,belemmering_dagen_financiele_problemen,belemmering_dagen_financiele_problemen,belemmering dagen financiele problemen,numerical,integer,integer,integer,1683,-327571,42883,237.861257574565
182,belemmering_dagen_lichamelijke_problematiek,belemmering_dagen_lichamelijke_problematiek,belemmering dagen lichamelijke problematiek,numerical,integer,integer,integer,2412,-15323,734622,598.275517431337
183,belemmering_dagen_psychische_problemen,belemmering_dagen_psychische_problemen,belemmering dagen psychische problemen,numerical,integer,integer,integer,2271,-1094488,16888,374.125600062957
184,typering_indicatie_geheime_gegevens,typering_indicatie_geheime_gegevens,typering indicatie geheime gegevens,boolean,boolean,integer,integer,2,0,1,0.0624065475722043
185,typering_other,typering_other,typering other,numerical,integer,integer,integer,7,0,6,0.155268749508145
186,typering_transport__logistiek___tuinbouw,typering_transport__logistiek___tuinbouw,typering transport logistiek tuinbouw,boolean,boolean,integer,integer,2,0,1,0.0402140552451405
187,typering_zorg__schoonmaak___welzijn,typering_zorg__schoonmaak___welzijn,typering zorg schoonmaak welzijn,boolean,boolean,integer,integer,2,0,1,0.0332887384905957
188,typering_aantal,typering_aantal,typering aantal,numerical,integer,integer,integer,11,0,10,0.636814354292909
189,typering_ind,typering_ind,typering ind,boolean,boolean,integer,integer,2,0,1,0.43873455575667
190,typering_hist_inburgeringsbehoeftig,typering_hist_inburgeringsbehoeftig,typering hist inburgeringsbehoeftig,boolean,boolean,integer,integer,2,0,1,0.0307704414889431
191,typering_hist_sector_zorg,typering_hist_sector_zorg,typering hist sector zorg,numerical,integer,integer,integer,3,0,2,0.0337609191784056
192,typering_hist_aantal,typering_hist_aantal,typering hist aantal,numerical,integer,integer,integer,12,0,11,0.899346816715196
193,typering_hist_ind,typering_hist_ind,typering hist ind,boolean,boolean,integer,integer,2,0,1,0.536712048477217
194,typering_dagen_som,typering_dagen_som,typering dagen som,numerical,integer,integer,integer,3051,-327060,17495,843.156685291572
195,persoon_leeftijd_bij_onderzoek,persoon_leeftijd_bij_onderzoek,persoon leeftijd bij onderzoek,numerical,integer,double,numeric,49,18,67,49.4318092390021
196,persoon_geslacht_vrouw,persoon_geslacht_vrouw,persoon geslacht vrouw,boolean,boolean,double,numeric,2,0,1,0.422050838120721
197,competentie_aansturen,competentie_aansturen,competentie aansturen,numerical,integer,integer,integer,3,0,2,0.234516408278901
198,competentie_analyseren,competentie_analyseren,competentie analyseren,numerical,integer,integer,integer,4,0,3,0.221610136145432
199,competentie_ethisch_en_integer_handelen,competentie_ethisch_en_integer_handelen,competentie ethisch en integer handelen,numerical,integer,integer,integer,3,0,2,0.12103564964193
200,competentie_formuleren_en_rapporteren,competentie_formuleren_en_rapporteren,competentie formuleren en rapporteren,numerical,integer,integer,integer,4,0,3,0.204926418509483
201,competentie_gedrevenheid_en_ambitie_tonen,competentie_gedrevenheid_en_ambitie_tonen,competentie gedrevenheid en ambitie tonen,numerical,integer,integer,integer,3,0,2,0.128118359959078
202,competentie_instructies_en_procedures_opvolgen,competentie_instructies_en_procedures_opvolgen,competentie instructies en procedures opvolgen,numerical,integer,integer,integer,4,0,3,0.327063823089636
203,competentie_kwaliteit_leveren,competentie_kwaliteit_leveren,competentie kwaliteit leveren,numerical,integer,integer,integer,4,0,3,0.346501928071142
204,competentie_leren,competentie_leren,competentie leren,numerical,integer,integer,integer,4,0,3,0.124498308019202
205,competentie_materialen_en_middelen_inzetten,competentie_materialen_en_middelen_inzetten,competentie materialen en middelen inzetten,numerical,integer,integer,integer,3,0,2,0.229558511056898
206,competentie_met_druk_en_tegenslag_omgaan,competentie_met_druk_en_tegenslag_omgaan,competentie met druk en tegenslag omgaan,numerical,integer,integer,integer,4,0,3,0.16699456992209
207,competentie_omgaan_met_verandering_en_aanpassen,competentie_omgaan_met_verandering_en_aanpassen,competentie omgaan met verandering en aanpassen,numerical,integer,integer,integer,3,0,2,0.165105847170851
208,competentie_onderzoeken,competentie_onderzoeken,competentie onderzoeken,numerical,integer,integer,integer,3,0,2,0.125600062957425
209,competentie_op_de_behoeften_en_verwachtingen_van_de__klant__richten,competentie_op_de_behoeften_en_verwachtingen_van_de__klant__richten,competentie op de behoeften en verwachtingen van de klant richten,numerical,integer,integer,integer,3,0,2,0.134492799244511
210,competentie_other,competentie_other,competentie other,numerical,integer,integer,integer,15,0,15,0.871173369009207
211,competentie_overtuigen_en_beinvloeden,competentie_overtuigen_en_beïnvloeden,competentie overtuigen en beinvloeden,numerical,integer,integer,integer,4,0,3,0.231683324152042
212,competentie_plannen_en_organiseren,competentie_plannen_en_organiseren,competentie plannen en organiseren,numerical,integer,integer,integer,4,0,3,0.255449752105139
213,competentie_samenwerken_en_overleggen,competentie_samenwerken_en_overleggen,competentie samenwerken en overleggen,numerical,integer,integer,integer,4,0,3,0.320138506335091
214,competentie_vakdeskundigheid_toepassen,competentie_vakdeskundigheid_toepassen,competentie vakdeskundigheid toepassen,numerical,integer,integer,integer,4,0,3,0.451011253639726
215,persoonlijke_eigenschappen_motivatie_opm,persoonlijke_eigenschappen_motivatie_opm,persoonlijke eigenschappen motivatie opm,boolean,boolean,integer,integer,2,0,1,0.539072951916267
216,persoonlijke_eigenschappen_flexibiliteit_opm,persoonlijke_eigenschappen_flexibiliteit_opm,persoonlijke eigenschappen flexibiliteit opm,boolean,boolean,integer,integer,2,0,1,0.487998740851499
217,persoonlijke_eigenschappen_doorzettingsvermogen_opm,persoonlijke_eigenschappen_doorzettingsvermogen_opm,persoonlijke eigenschappen doorzettingsvermogen opm,boolean,boolean,integer,integer,2,0,1,0.373731014401511
218,persoonlijke_eigenschappen_zelfstandigheid_opm,persoonlijke_eigenschappen_zelfstandigheid_opm,persoonlijke eigenschappen zelfstandigheid opm,boolean,boolean,integer,integer,2,0,1,0.465963642087039
219,persoonlijke_eigenschappen_initiatief_opm,persoonlijke_eigenschappen_initiatief_opm,persoonlijke eigenschappen initiatief opm,boolean,boolean,integer,integer,2,0,1,0.401668371763595
220,persoonlijke_eigenschappen_communicatie_opm,persoonlijke_eigenschappen_communicatie_opm,persoonlijke eigenschappen communicatie opm,boolean,boolean,integer,integer,2,0,1,0.498308019202015
221,persoonlijke_eigenschappen_presentatie_opm,persoonlijke_eigenschappen_presentatie_opm,persoonlijke eigenschappen presentatie opm,boolean,boolean,integer,integer,2,0,1,0.410875895175887
222,persoonlijke_eigenschappen_uiterlijke_verzorging_opm,persoonlijke_eigenschappen_uiterlijke_verzorging_opm,persoonlijke eigenschappen uiterlijke verzorging opm,boolean,boolean,integer,integer,2,0,1,0.444715511135595
223,persoonlijke_eigenschappen_leergierigheid_opm,persoonlijke_eigenschappen_leergierigheid_opm,persoonlijke eigenschappen leergierigheid opm,boolean,boolean,integer,integer,2,0,1,0.306838750295113
224,persoonlijke_eigenschappen_houding_opm,persoonlijke_eigenschappen_houding_opm,persoonlijke eigenschappen houding opm,boolean,boolean,integer,integer,2,0,1,0.49618320610687
225,persoonlijke_eigenschappen_hobbies_sport,persoonlijke_eigenschappen_hobbies_sport,persoonlijke eigenschappen hobbies sport,boolean,boolean,integer,integer,2,0,1,0.255449752105139
226,persoonlijke_eigenschappen_opstelling,persoonlijke_eigenschappen_opstelling,persoonlijke eigenschappen opstelling,boolean,boolean,integer,integer,2,0,1,0.59140631148186
227,persoonlijke_eigenschappen_overige_opmerkingen,persoonlijke_eigenschappen_overige_opmerkingen,persoonlijke eigenschappen overige opmerkingen,boolean,boolean,integer,integer,2,0,1,0.153616117100811
228,persoonlijke_eigenschappen_spreektaal_anders,persoonlijke_eigenschappen_spreektaal_anders,persoonlijke eigenschappen spreektaal anders,boolean,boolean,integer,integer,2,0,1,0.350594160698827
229,persoonlijke_eigenschappen_spreektaal,persoonlijke_eigenschappen_spreektaal,persoonlijke eigenschappen spreektaal,categorical,categorical,integer,integer,36,0,99,29.2002833084127
230,persoonlijke_eigenschappen_ind_regulier_arbeidsritme,persoonlijke_eigenschappen_ind_regulier_arbeidsritme,persoonlijke eigenschappen ind regulier arbeidsritme,boolean,boolean,integer,integer,2,0,1,0.186196584559692
231,persoonlijke_eigenschappen_ind_buiten_kantoortijden,persoonlijke_eigenschappen_ind_buiten_kantoortijden,persoonlijke eigenschappen ind buiten kantoortijden,boolean,boolean,integer,integer,2,0,1,0.121586527111041
232,persoonlijke_eigenschappen_ind_activering_traject,persoonlijke_eigenschappen_ind_activering_traject,persoonlijke eigenschappen ind activering traject,boolean,boolean,integer,integer,2,0,1,0.114661210356496
233,persoonlijke_eigenschappen_uitstroom_verw_vlgs_klant,persoonlijke_eigenschappen_uitstroom_verw_vlgs_klant,persoonlijke eigenschappen uitstroom verw vlgs klant,categorical,categorical,integer,integer,7,0,6,2.03045565436374
234,persoonlijke_eigenschappen_uitstroom_verw_vlgs_km,persoonlijke_eigenschappen_uitstroom_verw_vlgs_km,persoonlijke eigenschappen uitstroom verw vlgs km,categorical,categorical,integer,integer,7,0,6,2.25308884866609
235,persoonlijke_eigenschappen_taaleis_voldaan,persoonlijke_eigenschappen_taaleis_voldaan,persoonlijke eigenschappen taaleis voldaan,categorical,categorical,integer,integer,3,0,2,0.673487054379476
236,persoonlijke_eigenschappen_taaleis_schrijfv_ok,persoonlijke_eigenschappen_taaleis_schrijfv_ok,persoonlijke eigenschappen taaleis schrijfv ok,boolean,boolean,integer,integer,2,0,1,0.277248760525695
237,persoonlijke_eigenschappen_dagen_sinds_opvoer,persoonlijke_eigenschappen_dagen_sinds_opvoer,persoonlijke eigenschappen dagen sinds opvoer,numerical,integer,integer,integer,1363,0,2389,453.847328244275
238,persoonlijke_eigenschappen_dagen_sinds_taaleis,persoonlijke_eigenschappen_dagen_sinds_taaleis,persoonlijke eigenschappen dagen sinds taaleis,numerical,integer,integer,integer,1318,0,1786,297.356653812859
239,persoonlijke_eigenschappen_nl_spreken1,persoonlijke_eigenschappen_nl_spreken1,persoonlijke eigenschappen nl spreken1,boolean,boolean,double,numeric,2,0,1,0.178405603210829
240,persoonlijke_eigenschappen_nl_spreken2,persoonlijke_eigenschappen_nl_spreken2,persoonlijke eigenschappen nl spreken2,boolean,boolean,double,numeric,2,0,1,0.336113952939325
241,persoonlijke_eigenschappen_nl_spreken3,persoonlijke_eigenschappen_nl_spreken3,persoonlijke eigenschappen nl spreken3,boolean,boolean,double,numeric,2,0,1,0.0632722121665224
242,persoonlijke_eigenschappen_nl_lezen3,persoonlijke_eigenschappen_nl_lezen3,persoonlijke eigenschappen nl lezen3,boolean,boolean,double,numeric,2,0,1,0.0779098134886283
243,persoonlijke_eigenschappen_nl_lezen4,persoonlijke_eigenschappen_nl_lezen4,persoonlijke eigenschappen nl lezen4,boolean,boolean,double,numeric,2,0,1,0.0406862359329503
244,persoonlijke_eigenschappen_nl_schrijven0,persoonlijke_eigenschappen_nl_schrijven0,persoonlijke eigenschappen nl schrijven0,boolean,boolean,double,numeric,2,0,1,0.362792161800582
245,persoonlijke_eigenschappen_nl_schrijven1,persoonlijke_eigenschappen_nl_schrijven1,persoonlijke eigenschappen nl schrijven1,boolean,boolean,double,numeric,2,0,1,0.133312347524986
246,persoonlijke_eigenschappen_nl_schrijven2,persoonlijke_eigenschappen_nl_schrijven2,persoonlijke eigenschappen nl schrijven2,boolean,boolean,double,numeric,2,0,1,0.283544503029826
247,persoonlijke_eigenschappen_nl_schrijven3,persoonlijke_eigenschappen_nl_schrijven3,persoonlijke eigenschappen nl schrijven3,boolean,boolean,double,numeric,2,0,1,0.0908947824033997
248,persoonlijke_eigenschappen_nl_schrijvenfalse,persoonlijke_eigenschappen_nl_schrijvenfalse,persoonlijke eigenschappen nl schrijvenfalse,boolean,boolean,double,numeric,2,0,1,0.0369087904304714
249,persoonlijke_eigenschappen_nl_begrijpen3,persoonlijke_eigenschappen_nl_begrijpen3,persoonlijke eigenschappen nl begrijpen3,boolean,boolean,double,numeric,2,0,1,0.0621704572282994
250,relatie_kind_huidige_aantal,relatie_kind_huidige_aantal,relatie kind huidige aantal,numerical,integer,integer,integer,9,0,8,0.428897458093964
251,relatie_kind_heeft_kinderen,relatie_kind_heeft_kinderen,relatie kind heeft kinderen,boolean,boolean,integer,integer,2,0,1,0.223420162115369
252,relatie_kind_leeftijd_verschil_ouder_eerste_kind,relatie_kind_leeftijd_verschil_ouder_eerste_kind,relatie kind leeftijd verschil ouder eerste kind,numerical,integer,double,numeric,48,0,59,9.68930510742111
253,relatie_kind_basisschool_kind,relatie_kind_basisschool_kind,relatie kind basisschool kind,numerical,integer,integer,integer,7,0,6,0.154639175257732
254,relatie_kind_jongvolwassen,relatie_kind_jongvolwassen,relatie kind jongvolwassen,numerical,integer,integer,integer,8,0,7,0.3540568190761
255,relatie_kind_tiener,relatie_kind_tiener,relatie kind tiener,numerical,integer,integer,integer,7,0,7,0.162430156606595
256,relatie_kind_volwassen,relatie_kind_volwassen,relatie kind volwassen,numerical,integer,integer,integer,10,0,12,0.143385535531597
257,deelname_act_actueel_projecten_uniek,deelname_act_actueel_projecten_uniek,deelname act actueel projecten uniek,numerical,integer,integer,integer,6,0,5,0.618084520343118
258,deelname_act_hist_projecten_niet_gestart,deelname_act_hist_projecten_niet_gestart,deelname act hist projecten niet gestart,numerical,integer,integer,integer,13,0,12,1.31431494451877
259,deelname_act_reintegratieladder_ondersteunende_instrumenten,deelname_act_reintegratieladder_ondersteunende_instrumenten,deelname act reintegratieladder ondersteunende instrumenten,numerical,integer,integer,integer,23,0,31,2.28283623199811
260,deelname_act_reintegratieladder_werk_re_integratie,deelname_act_reintegratieladder_werk_re_integratie,deelname act reintegratieladder werk re integratie,numerical,integer,integer,integer,32,0,36,3.0860155819627
261,afspraak_resultaat_ingevuld_uniek,afspraak_resultaat_ingevuld_uniek,afspraak resultaat ingevuld uniek,numerical,integer,integer,integer,14,0,13,2.91052175966003
262,afspraak_aantal_woorden,afspraak_aantal_woorden,afspraak aantal woorden,numerical,integer,double,numeric,897,0,2647,177.165578027859
263,afspraak_laatstejaar_resultaat_ingevuld,afspraak_laatstejaar_resultaat_ingevuld,afspraak laatstejaar resultaat ingevuld,numerical,integer,integer,integer,20,0,20,1.57354214212639
264,afspraak_laatstejaar_resultaat_ingevuld_uniek,afspraak_laatstejaar_resultaat_ingevuld_uniek,afspraak laatstejaar resultaat ingevuld uniek,numerical,integer,integer,integer,10,0,9,1.65357676871016
265,afspraak_laatstejaar_aantal_woorden,afspraak_laatstejaar_aantal_woorden,afspraak laatstejaar aantal woorden,numerical,integer,double,numeric,513,0,1460,55.3487841347289
266,afspraak_aanmelding_afgesloten,afspraak_aanmelding_afgesloten,afspraak aanmelding afgesloten,numerical,integer,integer,integer,12,0,11,1.25025576453923
267,afspraak_afsprakenplan,afspraak_afsprakenplan,afspraak afsprakenplan,numerical,integer,integer,integer,12,0,11,0.770205398599197
268,afspraak_controle_aankondiging_maatregel,afspraak_controle_aankondiging_maatregel,afspraak controle aankondiging maatregel,numerical,integer,integer,integer,7,0,6,0.181710868025498
269,afspraak_controle_verwijzing,afspraak_controle_verwijzing,afspraak controle verwijzing,numerical,integer,integer,integer,7,0,6,0.123711340206186
270,afspraak_deelname_compleet_uit_webapplicatie,afspraak_deelname_compleet_uit_webapplicatie,afspraak deelname compleet uit webapplicatie,numerical,integer,integer,integer,11,0,10,0.519241363028252
271,afspraak_galo_gesprek,afspraak_galo_gesprek,afspraak galo gesprek,numerical,integer,integer,integer,9,0,8,0.262060281734477
272,afspraak_gespr__einde_zoekt___galo_gesprek_,afspraak_gespr__einde_zoekt___galo_gesprek_,afspraak gespr einde zoekt galo gesprek,numerical,integer,integer,integer,7,0,7,0.170535925080664
273,afspraak_inspanningsperiode,afspraak_inspanningsperiode,afspraak inspanningsperiode,numerical,integer,integer,integer,8,0,7,0.345321476351617
274,afspraak_other,afspraak_other,afspraak other,numerical,integer,integer,integer,22,0,21,0.56409852837019
275,afspraak_participatietrede_vervolgmeting,afspraak_participatietrede_vervolgmeting,afspraak participatietrede vervolgmeting,numerical,integer,integer,integer,5,0,4,0.895805461556622
276,afspraak_signaal_van_aanbieder,afspraak_signaal_van_aanbieder,afspraak signaal van aanbieder,numerical,integer,integer,integer,23,0,31,0.531360667348705
277,afspraak_signaal_voor_medewerker,afspraak_signaal_voor_medewerker,afspraak signaal voor medewerker,numerical,integer,integer,integer,30,0,46,2.73786102148422
278,afspraak_toevoegen_inschrijving_uwvwb,afspraak_toevoegen_inschrijving_uwvwb,afspraak toevoegen inschrijving uwvwb,numerical,integer,integer,integer,5,0,5,0.260171558983238
279,afspraak_vervolgmeting_matchbaarheid_werkzoekende_klant,afspraak_vervolgmeting_matchbaarheid_werkzoekende_klant,afspraak vervolgmeting matchbaarheid werkzoekende klant,numerical,integer,integer,integer,4,0,3,0.255607145667742
280,afspraak_verzenden_beschikking_i_v_m__niet_voldoen_aan_wet_taaleis,afspraak_verzenden_beschikking_i_v_m__niet_voldoen_aan_wet_taaleis,afspraak verzenden beschikking i v m niet voldoen aan wet taaleis,numerical,integer,integer,integer,5,0,4,0.101676241441725
281,afspraak_voortgangsgesprek,afspraak_voortgangsgesprek,afspraak voortgangsgesprek,numerical,integer,integer,integer,18,0,19,0.432596206815141
282,afspraak_afgelopen_jaar_afsprakenplan,afspraak_afgelopen_jaar_afsprakenplan,afspraak afgelopen jaar afsprakenplan,numerical,integer,integer,integer,7,0,6,0.235539466435823
283,afspraak_afgelopen_jaar_monitoring_insp__wet_taaleis_na_12_mnd_n_a_v__taa04_____geen_maatregel,afspraak_afgelopen_jaar_monitoring_insp__wet_taaleis_na_12_mnd_n_a_v__taa04_____geen_maatregel,afspraak afgelopen jaar monitoring insp wet taaleis na 12 mnd n a v taa04 geen maatregel,numerical,integer,integer,integer,4,0,3,0.0460376170614622
284,afspraak_afgelopen_jaar_ontheffing,afspraak_afgelopen_jaar_ontheffing,afspraak afgelopen jaar ontheffing,numerical,integer,integer,integer,4,0,3,0.203431179664752
285,afspraak_afgelopen_jaar_ontheffing_taaleis,afspraak_afgelopen_jaar_ontheffing_taaleis,afspraak afgelopen jaar ontheffing taaleis,numerical,integer,integer,integer,4,0,3,0.0589438891949319
286,afspraak_afgelopen_jaar_plan_van_aanpak,afspraak_afgelopen_jaar_plan_van_aanpak,afspraak afgelopen jaar plan van aanpak,numerical,integer,integer,integer,6,0,5,0.88801448020776
287,afspraak_afgelopen_jaar_signaal_voor_medewerker,afspraak_afgelopen_jaar_signaal_voor_medewerker,afspraak afgelopen jaar signaal voor medewerker,numerical,integer,integer,integer,18,0,17,1.25639411348076
288,afspraak_afgelopen_jaar_vervolgmeting_matchbaarheid_werkzoekende_klant,afspraak_afgelopen_jaar_vervolgmeting_matchbaarheid_werkzoekende_klant,afspraak afgelopen jaar vervolgmeting matchbaarheid werkzoekende klant,numerical,integer,integer,integer,4,0,3,0.121822617454946
289,afspraak_afgelopen_jaar_voortgang_aanmelding_en_deelname,afspraak_afgelopen_jaar_voortgang_aanmelding_en_deelname,afspraak afgelopen jaar voortgang aanmelding en deelname,numerical,integer,integer,integer,15,0,14,1.78602345164083
290,instrument_ladder_huidig_activering,instrument_ladder_huidig_activering,instrument ladder huidig activering,numerical,integer,integer,integer,5,0,4,0.545132604076493
291,instrument_ladder_huidig_other,instrument_ladder_huidig_other,instrument ladder huidig other,numerical,integer,integer,integer,7,0,6,0.185803100653183
292,instrument_ladder_huidig_werk_re_integratie,instrument_ladder_huidig_werk_re_integratie,instrument ladder huidig werk re integratie,numerical,integer,integer,integer,7,0,6,0.206736444479421
293,instrument_ladder_historie_activering,instrument_ladder_historie_activering,instrument ladder historie activering,numerical,integer,integer,integer,12,0,11,2.15416699456992
294,instrument_ladder_historie_other,instrument_ladder_historie_other,instrument ladder historie other,numerical,integer,integer,integer,9,0,8,0.265129456205241
295,instrument_reden_beeindiging_historie_centrale_actie_wigo4it,instrument_reden_beeindiging_historie_centrale_actie_wigo4it,instrument reden beeindiging historie centrale actie wigo4it,numerical,integer,integer,integer,9,0,8,0.360431258361533
296,instrument_reden_beeindiging_historie_diagnose_gesteld,instrument_reden_beeindiging_historie_diagnose_gesteld,instrument reden beeindiging historie diagnose gesteld,numerical,integer,integer,integer,3,0,2,0.0906586920594948
297,instrument_reden_beeindiging_historie_direct_matchbaar,instrument_reden_beeindiging_historie_direct_matchbaar,instrument reden beeindiging historie direct matchbaar,numerical,integer,integer,integer,5,0,4,0.0414732037459668
298,instrument_reden_beeindiging_historie_doelstelling_bereikt__geen_uitstroom,instrument_reden_beeindiging_historie_doelstelling_bereikt__geen_uitstroom,instrument reden beeindiging historie doelstelling bereikt geen uitstroom,numerical,integer,integer,integer,11,0,10,0.918784921696703
299,instrument_reden_beeindiging_historie_doelstelling_bereikt__uitstroom_naar_regulier_werk,instrument_reden_beeindiging_historie_doelstelling_bereikt__uitstroom_naar_regulier_werk,instrument reden beeindiging historie doelstelling bereikt uitstroom naar regulier werk,numerical,integer,integer,integer,5,0,4,0.0554025340363579
300,instrument_reden_beeindiging_historie_doelstelling_bereikt__uitstroom_overig,instrument_reden_beeindiging_historie_doelstelling_bereikt__uitstroom_overig,instrument reden beeindiging historie doelstelling bereikt uitstroom overig,numerical,integer,integer,integer,5,0,4,0.0738175808609428
301,instrument_reden_beeindiging_historie_doelstelling_niet_bereikt__geen_uitstroom,instrument_reden_beeindiging_historie_doelstelling_niet_bereikt__geen_uitstroom,instrument reden beeindiging historie doelstelling niet bereikt geen uitstroom,numerical,integer,integer,integer,11,0,10,0.83206106870229
302,instrument_reden_beeindiging_historie_niet_matchbaar,instrument_reden_beeindiging_historie_niet_matchbaar,instrument reden beeindiging historie niet matchbaar,numerical,integer,integer,integer,5,0,4,0.0814511686472023
303,instrument_reden_beeindiging_historie_niet_succesvol,instrument_reden_beeindiging_historie_niet_succesvol,instrument reden beeindiging historie niet succesvol,numerical,integer,integer,integer,9,0,8,0.4258282836232
304,instrument_reden_beeindiging_historie_niet_succesvol__reden_bij_werkzoekende,instrument_reden_beeindiging_historie_niet_succesvol__reden_bij_werkzoekende,instrument reden beeindiging historie niet succesvol reden bij werkzoekende,numerical,integer,integer,integer,6,0,5,0.0462737074053671
305,instrument_reden_beeindiging_historie_op_termijn_matchbaar,instrument_reden_beeindiging_historie_op_termijn_matchbaar,instrument reden beeindiging historie op termijn matchbaar,numerical,integer,integer,integer,4,0,3,0.103092783505155
306,instrument_reden_beeindiging_historie_other,instrument_reden_beeindiging_historie_other,instrument reden beeindiging historie other,numerical,integer,integer,integer,8,0,7,0.338553553159676
307,instrument_reden_beeindiging_historie_overdracht_naar_mo,instrument_reden_beeindiging_historie_overdracht_naar_mo,instrument reden beeindiging historie overdracht naar mo,numerical,integer,integer,integer,4,0,3,0.164161485795231
308,instrument_reden_beeindiging_historie_overdracht_naar_prematching,instrument_reden_beeindiging_historie_overdracht_naar_prematching,instrument reden beeindiging historie overdracht naar prematching,numerical,integer,integer,integer,4,0,3,0.0797985362398678
309,instrument_reden_beeindiging_historie_overdracht_naar_regulier_team_iwpm,instrument_reden_beeindiging_historie_overdracht_naar_regulier_team_iwpm,instrument reden beeindiging historie overdracht naar regulier team iwpm,numerical,integer,integer,integer,3,0,2,0.0455654363736523
310,instrument_reden_beeindiging_historie_overdracht_succesvol,instrument_reden_beeindiging_historie_overdracht_succesvol,instrument reden beeindiging historie overdracht succesvol,numerical,integer,integer,integer,4,0,3,0.223262768552766
311,instrument_reden_beeindiging_historie_succesvol,instrument_reden_beeindiging_historie_succesvol,instrument reden beeindiging historie succesvol,numerical,integer,integer,integer,12,0,21,0.940347839773353
312,instrument_reden_beeindiging_historie_succesvol__doelstelling_bereikt,instrument_reden_beeindiging_historie_succesvol__doelstelling_bereikt,instrument reden beeindiging historie succesvol doelstelling bereikt,numerical,integer,integer,integer,4,0,3,0.048949397969623
313,instrument_reden_beeindiging_historie_uitval__aanbod_niet_langer_zinvol_volgens_gemeente,instrument_reden_beeindiging_historie_uitval__aanbod_niet_langer_zinvol_volgens_gemeente,instrument reden beeindiging historie uitval aanbod niet langer zinvol volgens gemeente,numerical,integer,integer,integer,7,0,6,0.287007161407098
314,instrument_reden_beeindiging_historie_uitval__klant_wz__ziet_af_van_aanbod,instrument_reden_beeindiging_historie_uitval__klant_wz__ziet_af_van_aanbod,instrument reden beeindiging historie uitval klant wz ziet af van aanbod,numerical,integer,integer,integer,5,0,4,0.110647674510113
315,instrument_aantal_laatstejaar,instrument_aantal_laatstejaar,instrument aantal laatstejaar,numerical,integer,integer,integer,11,0,10,0.848429999213032
